Feature,Importance
MonthToMonth,0.11593888567572774
tenure,0.02258852258852251
InternetService,0.022315403894351216
Contract,0.0125714928346507
TotalCharges,0.010731958100379024
TechSupport,0.009053081421502407
Partner,0.008916522074416788
OnlineSecurity,0.005920249341301975
HasInternet,0.005526637105584542
Dependents,0.005365979050189484
PaymentMethod,0.005277617119722355
AutoPay,0.003936122357174943
MonthlyCharges,0.0033738191632928793
PaperlessBilling,0.002160850845061457
HighMonthlyCharge,0.0017351069982649014
